topic;cluster;intent
Por que cursinhos tradicionais falham tanto;metodologia;dor
Como pensar em inglês (técnica prática);mindset;informacional
Inglês para reuniões online: guia de sobrevivência;business;decisao
O segredo dos poliglotas para aprender rápido;metodologia;informacional
Medo de errar ao falar inglês: como superar;mindset;dor
Vocabulário essencial para programadores;tech;informacional
Entrevista de emprego em inglês: o que responder;business;decisao
Por que você entende inglês mas não fala;mindset;dor
A importância da imersão para a fluência;metodologia;informacional
Como melhorar sua pronúncia em 7 dias;dicas;informacional
Quanto tempo leva para falar inglês de verdade;metodologia;informacional
Inglês para quem já estudou anos e não avançou;mindset;dor
Curso intensivo de inglês vale a pena;metodologia;decisao
Como parar de traduzir inglês na cabeça;mindset;dor
Inglês para carreira internacional: o que realmente importa;business;decisao
Gramática atrapalha a fluência?;metodologia;informacional
Por que cursos online não fazem você falar;metodologia;dor
Inglês para apresentações profissionais;business;decisao
Como destravar a conversação em inglês rápido;dicas;informacional
Erro comum de quem tenta aprender inglês sozinho;mindset;dor
Imersão em inglês funciona mesmo?;metodologia;decisao
Inglês para profissionais de TI: erros fatais;tech;dor
Como ganhar confiança ao falar inglês;mindset;informacional
Fluência funcional: o que é e como alcançar;metodologia;informacional
Inglês para reuniões com estrangeiros;business;decisao
Vocabulário de alta frequência: o que realmente usar;dicas;informacional
Por que estudar inglês todos os dias não basta;mindset;dor
Inglês para entrevistas técnicas;tech;decisao
Método tradicional vs imersão: comparação real;metodologia;decisao
O maior bloqueio de quem quer falar inglês;mindset;dor